geracao,melhor,media,pior
0,23.0,3.4,0.0
1,23.0,9.0,0.0
2,25.0,16.55,2.0
3,27.0,22.25,20.0
4,26.0,22.25,19.0
5,26.0,22.75,21.0
6,27.0,23.1,21.0
7,26.0,22.35,19.0
8,27.0,23.95,20.0
9,26.0,23.35,20.0
10,26.0,22.7,20.0
11,26.0,22.8,21.0
12,26.0,22.5,18.0
13,26.0,23.2,21.0
14,27.0,23.05,20.0
15,26.0,23.35,21.0
16,27.0,23.6,19.0
17,26.0,22.5,21.0
18,27.0,23.2,19.0
19,27.0,23.65,21.0
20,27.0,23.35,18.0
21,28.0,23.35,19.0
22,26.0,23.75,21.0
23,27.0,23.6,20.0
24,27.0,23.8,21.0
25,27.0,23.6,20.0
26,27.0,23.85,21.0
27,27.0,23.15,20.0
28,27.0,24.1,21.0
29,27.0,22.7,12.0
